<?xml version="1.0" encoding="utf-8"?>
<rte>
 <configset>
  <config name="version" value="Erika 2"/>
  <config name="path_out" value="{PROJECT_PATH}\out"/>
  <config name="templateDir" value="{GEN_PATH}\templates\Erika"/>
  <config name="userCodeStart" value="/\* USER CODE START {TAG} \*/"/>
  <config name="userCodeEnd" value="/\* USER CODE END {TAG} \*/"/>
  <config name="guivers" value="0.1.2"/>
 </configset>
 <naming>
  <config name="signalpoolPrefix" value="sp_"/>
  <config name="signalpoolPostfix" value=""/>
  <config name="taskPrefix" value="tsk_"/>
  <config name="taskPostfix" value=""/>
  <config name="signalclassPrefix" value="sc_"/>
  <config name="signalclassPostfix" value=""/>
  <config name="signalobjectPrefix" value="so_"/>
  <config name="signalobjectPostfix" value=""/>
  <config name="swcPrefix" value="swc_"/>
  <config name="swcPostfix" value=""/>
  <config name="runnablePrefix" value=""/>
  <config name="runnablePostfix" value="_run"/>
  <config name="eventPrefix" value="ev_"/>
  <config name="eventPostfix" value=""/>
  <config name="resourcePrefix" value="res_"/>
  <config name="resourcePostfix" value=""/>
  <config name="addrPrefix" value="ADR_"/>
  <config name="addrStartPostfix" value="_START"/>
  <config name="addrEndPostfix" value="_END"/>
 </naming>
 <signalpools>
  <signalpool description="The common global signal pool, all signals will be stored here" endaddr="ADR_SP_COMMON_END" name="sp_common" shortname="common" startaddr="ADR_SP_COMMON_START"/>
 </signalpools>
 <tasks>
  <task description="Task where inputs and outputs are handled. Peripheral In/Out" events="" mode="Cyclic and Event" name="tsk_io" shortname="io" signalpoolsRO="sp_common" signalpoolsRW="sp_common" tickEvent="ev_tick_10ms" timertickperiod="10"/>
  <task description="Task to log data on UART/TFT" events="" mode="Event" name="tsk_logging" shortname="logging" signalpoolsRO="sp_common" signalpoolsRW="sp_common" tickEvent="ev_joystick_onData" timertickperiod="1"/>
  <task description="Task doing work" events="" mode="Event" name="tsk_control" shortname="control" signalpoolsRO="sp_common" signalpoolsRW="sp_common" tickEvent="ev_joystick_onData" timertickperiod="1"/>
 </tasks>
 <signalclasses>
  <signalclass description="Signal for Joystick " name="sc_joystick" shortname="joystick"/>
  <signalclass description="Signal for Speed" name="sc_speed" shortname="speed"/>
  <signalclass description="Signal for brake" name="sc_brakelight" shortname="brakelight"/>
  <signalclass description="Signal for engine" name="sc_engine" shortname="engine"/>
  <signalclass description="signal for HMI devices" name="sc_logging" shortname="logging"/>
 </signalclasses>
 <signalobjects>
  <signalobject description="Joystick position" indriver="default" name="so_joystick" onDataError="0" onDataUpdate="ev_joystick_onData" outdriver="0" resource="res_joystick" shortname="joystick" signalclass="sc_joystick" signalpool="sp_common"/>
  <signalobject description="Speed of the car " indriver="0" name="so_speed" onDataError="0" onDataUpdate="ev_speed_onData" outdriver="0" resource="res_speed" shortname="speed" signalclass="sc_speed" signalpool="sp_common"/>
  <signalobject description="Engine speed" indriver="0" name="so_engine" onDataError="0" onDataUpdate="0" outdriver="default" resource="res_engine" shortname="engine" signalclass="sc_engine" signalpool="sp_common"/>
  <signalobject description="A Signal for brakelights" indriver="0" name="so_brakelight" onDataError="0" onDataUpdate="0" outdriver="default" resource="res_brakelight" shortname="brakelight" signalclass="sc_brakelight" signalpool="sp_common"/>
  <signalobject description="A Signal for logging on an HMI device" indriver="0" name="so_logging" onDataError="0" onDataUpdate="0" outdriver="default" resource="res_logging" shortname="logging" signalclass="sc_logging" signalpool="sp_common"/>
 </signalobjects>
 <swcs>
  <swc description="Input" name="swc_input" shortname="input"/>
  <swc description="calculation control" name="swc_control" shortname="control"/>
  <swc description="engine and brakelights" name="swc_output" shortname="output"/>
  <swc description="Logging data on UART/TFT" name="swc_logging" shortname="logging"/>
 </swcs>
 <runnables>
  <runnable component="swc_input" cycletime="10" description="takes input from joystick" events="" name="INPUT_readJoystick_run" shortname="readJoystick" signalIN="" signalOUT="so_joystick" task="tsk_io"/>
  <runnable component="swc_control" cycletime="0" description="Takes in Joystick data and updates Speed" events="ev_joystick_onData" name="CONTROL_calcControl_run" shortname="calcControl" signalIN="so_joystick" signalOUT="so_speed" task="tsk_control"/>
  <runnable component="swc_output" cycletime="100" description="Sets Green LED according to Engine Speed" events="" name="OUTPUT_setEngine_run" shortname="setEngine" signalIN="so_speed" signalOUT="so_engine" task="tsk_io"/>
  <runnable component="swc_output" cycletime="0" description="Sets LED according to brake condition" events="ev_speed_onData" name="OUTPUT_setBrakeLight_run" shortname="setBrakeLight" signalIN="so_speed" signalOUT="so_brakelight" task="tsk_io"/>
  <runnable component="swc_logging" cycletime="0" description="Runnable" events="ev_joystick_onData" name="LOGGING_logging_run" shortname="logging" signalIN="so_joystick" signalOUT="so_logging" task="tsk_logging"/>
 </runnables>
 <events>
  <event description="Triggers when joystick data is updated" name="ev_joystick_onData" shortname="joystick_onData"/>
  <event description="Triggers when speed sends data" name="ev_speed_onData" shortname="speed_onData"/>
  <event description="Triggers every 10ms" name="ev_tick_10ms" shortname="tick_10ms"/>
 </events>
 <resources>
  <resource description="A Resource for the joystick signal" name="res_joystick" restype="semaphore" shortname="joystick"/>
  <resource description="A Resource for the speed signal" name="res_speed" restype="semaphore" shortname="speed"/>
  <resource description="A Resource" name="res_logging" restype="semaphore" shortname="logging"/>
  <resource description="A Resource for the engine signal" name="res_engine" restype="semaphore" shortname="engine"/>
  <resource description="A Resource for the brakelight signal" name="res_brakelight" restype="semaphore" shortname="brakelight"/>
 </resources>
</rte>
